{"cameraMode":{"drawMode":0,"name":"Shaded","section":"Shading Mode"},"sceneLighting":true,"audioPlay":false,"sceneViewState":{"showFog":true,"showMaterialUpdate":false,"showSkybox":true,"showFlares":true,"showImageEffects":true,"showParticleSystems":true},"in2DMode":false,"pivot":{"x":2.6474764347076418,"y":-19.870052337646486,"z":-2.0375075340270998},"rotation":{"x":0.6102595925331116,"y":-0.004752972163259983,"z":0.003661868628114462,"w":0.792184054851532},"size":126.45458221435547,"orthographic":false}